{"cameraMode":{"drawMode":0,"name":"Shaded","section":"Shading Mode"},"sceneLighting":false,"audioPlay":false,"sceneViewState":{"showFog":true,"showMaterialUpdate":false,"showSkybox":false,"showFlares":true,"showImageEffects":true,"showParticleSystems":true},"in2DMode":false,"pivot":{"x":0.005268871784210205,"y":0.17590117454528809,"z":0.02359330654144287},"rotation":{"x":-0.26795053482055666,"y":-0.45198962092399599,"z":0.14444087445735932,"w":-0.8384814858436585},"size":1.3538254499435425,"orthographic":false}