{"cameraMode":{"drawMode":0,"name":"Shaded","section":"Shading Mode"},"sceneLighting":true,"audioPlay":false,"sceneViewState":{"showFog":true,"showMaterialUpdate":false,"showSkybox":true,"showFlares":true,"showImageEffects":true,"showParticleSystems":true},"in2DMode":false,"pivot":{"x":1.918031930923462,"y":0.8187100887298584,"z":0.838604211807251},"rotation":{"x":-0.013690464198589325,"y":-0.13101300597190858,"z":0.0018092615064233542,"w":-0.991286039352417},"size":4.412220478057861,"orthographic":false}